Datetime,Water Level (m)
2025-03-10 00:00:00,0.000388095
2025-03-10 01:00:00,0.0009771307
2025-03-10 02:00:00,0.0014097973
2025-03-10 03:00:00,0.0019513428
2025-03-10 04:00:00,0.0022665907
2025-03-10 05:00:00,0.002070452
2025-03-10 06:00:00,0.0020343096
2025-03-10 07:00:00,0.0021532215
2025-03-10 08:00:00,0.0021532427
2025-03-10 09:00:00,0.0016951307
2025-03-10 10:00:00,0.0013434223
2025-03-10 11:00:00,0.0013469022
2025-03-10 12:00:00,0.001253439
2025-03-10 13:00:00,0.0010119479
2025-03-10 14:00:00,0.0010739157
2025-03-10 15:00:00,0.0012699515
2025-03-10 16:00:00,0.0010237201
2025-03-10 17:00:00,0.00024687228
2025-03-10 18:00:00,-0.0006478192
2025-03-10 19:00:00,-0.00027512872
2025-03-10 20:00:00,0.00030022557
2025-03-10 21:00:00,0.00038297125
2025-03-10 22:00:00,0.00028699933
2025-03-10 23:00:00,0.00024942672
2025-03-11 00:00:00,0.00018229024
2025-03-11 01:00:00,0.00022156522
2025-03-11 02:00:00,0.00053681777
2025-03-11 03:00:00,0.00073224603
2025-03-11 04:00:00,0.00089551293
2025-03-11 05:00:00,0.000697905
2025-03-11 06:00:00,0.000689929
2025-03-11 07:00:00,0.00081334903
2025-03-11 08:00:00,0.0006163751
2025-03-11 09:00:00,-0.0002265694
2025-03-11 10:00:00,-0.00035670455
2025-03-11 11:00:00,-0.000567951
2025-03-11 12:00:00,-0.00030736742
2025-03-11 13:00:00,-0.00064785057
2025-03-11 14:00:00,-0.0011506537
2025-03-11 15:00:00,-0.0019352664
2025-03-11 16:00:00,-0.0020222964
2025-03-11 17:00:00,-0.0010687285
2025-03-11 18:00:00,-0.0015648413
2025-03-11 19:00:00,-0.0005481371
2025-03-11 20:00:00,4.174583e-05
2025-03-11 21:00:00,-0.0003923149
2025-03-11 22:00:00,-0.0010672174
2025-03-11 23:00:00,-0.0016655531
2025-03-12 00:00:00,-0.0012038074
2025-03-12 01:00:00,-0.0007717776
2025-03-12 02:00:00,-0.0012879906
2025-03-12 03:00:00,-0.0013594007
2025-03-12 04:00:00,-0.0014673339
2025-03-12 05:00:00,-0.0018286294
2025-03-12 06:00:00,-0.0013696625
2025-03-12 07:00:00,0.00013127847
2025-03-12 08:00:00,0.0017058008
2025-03-12 09:00:00,0.0024110521
2025-03-12 10:00:00,0.002301155
2025-03-12 11:00:00,0.00095674075
2025-03-12 12:00:00,-0.0009415045
2025-03-12 13:00:00,-0.0017371931
2025-03-12 14:00:00,-0.0032748554
2025-03-12 15:00:00,-0.004299443
2025-03-12 16:00:00,-0.002141582
2025-03-12 17:00:00,-0.00037761877
2025-03-12 18:00:00,-0.0008702096
2025-03-12 19:00:00,-0.001031674
2025-03-12 20:00:00,-0.0010641958
2025-03-12 21:00:00,-0.0022864777
2025-03-12 22:00:00,-0.002695553
2025-03-12 23:00:00,-0.0021787449
2025-03-13 00:00:00,-0.002301611
2025-03-13 01:00:00,-0.0029556153
2025-03-13 02:00:00,-0.0058595715
2025-03-13 03:00:00,-0.0071957894
2025-03-13 04:00:00,-0.0049117296
2025-03-13 05:00:00,-0.0022059295
2025-03-13 06:00:00,-0.0011430114
2025-03-13 07:00:00,-0.0004116556
2025-03-13 08:00:00,0.00019458609
2025-03-13 09:00:00,0.0009970226
2025-03-13 10:00:00,0.0009991054
2025-03-13 11:00:00,-0.001146703
2025-03-13 12:00:00,-0.0023818926
2025-03-13 13:00:00,-0.0034863274
2025-03-13 14:00:00,-0.004969961
2025-03-13 15:00:00,-0.006800742
2025-03-13 16:00:00,-0.005752844
2025-03-13 17:00:00,-0.004817473
2025-03-13 18:00:00,-0.005214368
2025-03-13 19:00:00,-0.0047753053
2025-03-13 20:00:00,-0.0022203373
2025-03-13 21:00:00,-0.0015150646
2025-03-13 22:00:00,-0.0024325643
2025-03-13 23:00:00,-0.002954502
2025-03-14 00:00:00,-0.0035884539
2025-03-14 01:00:00,-0.0037072871
2025-03-14 02:00:00,-0.0047829095
2025-03-14 03:00:00,-0.0071290946
2025-03-14 04:00:00,-0.007897083
2025-03-14 05:00:00,-0.0066108988
2025-03-14 06:00:00,-0.005109055
2025-03-14 07:00:00,-0.0038678101
2025-03-14 08:00:00,-0.0026725214
2025-03-14 09:00:00,-0.0018939635
2025-03-14 10:00:00,-0.001425163
2025-03-14 11:00:00,-0.0015979891
2025-03-14 12:00:00,-0.0034432777
2025-03-14 13:00:00,-0.010085103
2025-03-14 14:00:00,-0.015624277
2025-03-14 15:00:00,-0.013142185
2025-03-14 16:00:00,-0.0069355164
2025-03-14 17:00:00,-0.0031201625
2025-03-14 18:00:00,-0.0033425747
2025-03-14 19:00:00,-0.0053429604
2025-03-14 20:00:00,-0.005906506
2025-03-14 21:00:00,-0.0044033267
2025-03-14 22:00:00,-0.0030314643
2025-03-14 23:00:00,-0.0035109217
2025-03-15 00:00:00,-0.0047907596
2025-03-15 01:00:00,-0.0054119425
2025-03-15 02:00:00,-0.0070816367
2025-03-15 03:00:00,-0.007823612
2025-03-15 04:00:00,-0.0057333545
2025-03-15 05:00:00,-0.0046941014
2025-03-15 06:00:00,-0.0039826753
2025-03-15 07:00:00,-0.0027979962
2025-03-15 08:00:00,-0.0018639984
2025-03-15 09:00:00,-0.0010500923
2025-03-15 10:00:00,-0.0005689412
2025-03-15 11:00:00,-0.00074315415
2025-03-15 12:00:00,-0.0015081841
2025-03-15 13:00:00,-0.0045874864
2025-03-15 14:00:00,-0.011510939
2025-03-15 15:00:00,-0.01187405
2025-03-15 16:00:00,-0.008393337
2025-03-15 17:00:00,-0.005023793
2025-03-15 18:00:00,-0.0033071323
2025-03-15 19:00:00,-0.0040329094
2025-03-15 20:00:00,-0.0051002614
2025-03-15 21:00:00,-0.0050462494
2025-03-15 22:00:00,-0.0037688843
2025-03-15 23:00:00,-0.003788963
2025-03-16 00:00:00,-0.004211053
